Beta,Average Energy,Average Magnetisation
0.1,-2021.58,0.009842
0.2,-4239.1,0.01289
0.3,-6937.04,0.022386
0.4,-10231.9,0.032994
0.5,-12801.3,0.04489
0.6,-14385.3,0.059966
0.7,-15142.6,0.050364
0.8,-15568.4,0.049778
0.9,-15810.9,0.05436
1,-15991.4,0.050848
1.1,-16071.2,0.05188
1.2,-16101.8,0.054434
1.3,-16157.6,0.058956
1.4,-16163.9,0.055644
1.5,-16177.2,0.058558
